{"collapse":{"name":"collapse","moduleName":"\"ui.bootstrap.collapse\"","displayName":"Collapse","srcFiles":["src/collapse/collapse.js"],"cssFiles":[],"tplFiles":[],"tpljsFiles":[],"tplModules":[],"dependencies":[]},"accordion":{"name":"accordion","moduleName":"\"ui.bootstrap.accordion\"","displayName":"Accordion","srcFiles":["src/accordion/accordion.js"],"cssFiles":[],"tplFiles":["template/accordion/accordion-group.html","template/accordion/accordion.html"],"tpljsFiles":["template/accordion/accordion-group.html.js","template/accordion/accordion.html.js"],"tplModules":["\"uib/template/accordion/accordion-group.html\"","\"uib/template/accordion/accordion.html\""],"dependencies":["collapse"]},"alert":{"name":"alert","moduleName":"\"ui.bootstrap.alert\"","displayName":"Alert","srcFiles":["src/alert/alert.js"],"cssFiles":[],"tplFiles":["template/alert/alert.html"],"tpljsFiles":["template/alert/alert.html.js"],"tplModules":["\"uib/template/alert/alert.html\""],"dependencies":[]},"buttons":{"name":"buttons","moduleName":"\"ui.bootstrap.buttons\"","displayName":"Buttons","srcFiles":["src/buttons/buttons.js"],"cssFiles":[],"tplFiles":[],"tpljsFiles":[],"tplModules":[],"dependencies":[]},"carousel":{"name":"carousel","moduleName":"\"ui.bootstrap.carousel\"","displayName":"Carousel","srcFiles":["src/carousel/carousel.js"],"cssFiles":["src/carousel/carousel.css"],"tplFiles":["template/carousel/carousel.html","template/carousel/slide.html"],"tpljsFiles":["template/carousel/carousel.html.js","template/carousel/slide.html.js"],"tplModules":["\"uib/template/carousel/carousel.html\"","\"uib/template/carousel/slide.html\""],"dependencies":[],"css":".ng-animate.item:not(.left):not(.right) {\n  -webkit-transition: 0s ease-in-out left;\n  transition: 0s ease-in-out left\n}","cssJs":"angular.module('ui.bootstrap.carousel').run(function() {!angular.$$csp().noInlineStyle && angular.element(document).find('head').prepend('<style type=\"text/css\">.ng-animate.item:not(.left):not(.right){-webkit-transition:0s ease-in-out left;transition:0s ease-in-out left}</style>'); });"},"dateparser":{"name":"dateparser","moduleName":"\"ui.bootstrap.dateparser\"","displayName":"Dateparser","srcFiles":["src/dateparser/dateparser.js"],"cssFiles":[],"tplFiles":[],"tpljsFiles":[],"tplModules":[],"dependencies":[]},"isClass":{"name":"isClass","moduleName":"\"ui.bootstrap.isClass\"","displayName":"Is Class","srcFiles":["src/isClass/isClass.js"],"cssFiles":[],"tplFiles":[],"tpljsFiles":[],"tplModules":[],"dependencies":[]},"position":{"name":"position","moduleName":"\"ui.bootstrap.position\"","displayName":"Position","srcFiles":["src/position/position.js"],"cssFiles":["src/position/position.css"],"tplFiles":[],"tpljsFiles":[],"tplModules":[],"dependencies":[],"css":".uib-position-measure {\n  display: block !important;\n  visibility: hidden !important;\n  position: absolute !important;\n  top: -9999px !important;\n  left: -9999px !important;\n}\n\n.uib-position-scrollbar-measure {\n  position: absolute;\n  top: -9999px;\n  width: 50px;\n  height: 50px;\n  overflow: scroll;\n}","cssJs":"angular.module('ui.bootstrap.position').run(function() {!angular.$$csp().noInlineStyle && angular.element(document).find('head').prepend('<style type=\"text/css\">.uib-position-measure{display:block !important;visibility:hidden !important;position:absolute !important;top:-9999px !important;left:-9999px !important;}.uib-position-scrollbar-measure{position:absolute;top:-9999px;width:50px;height:50px;overflow:scroll;}</style>'); });"},"datepicker":{"name":"datepicker","moduleName":"\"ui.bootstrap.datepicker\"","displayName":"Datepicker","srcFiles":["src/datepicker/datepicker.js"],"cssFiles":["src/datepicker/datepicker.css"],"tplFiles":["template/datepicker/datepicker.html","template/datepicker/day.html","template/datepicker/month.html","template/datepicker/popup.html","template/datepicker/year.html"],"tpljsFiles":["template/datepicker/datepicker.html.js","template/datepicker/day.html.js","template/datepicker/month.html.js","template/datepicker/popup.html.js","template/datepicker/year.html.js"],"tplModules":["\"uib/template/datepicker/datepicker.html\"","\"uib/template/datepicker/day.html\"","\"uib/template/datepicker/month.html\"","\"uib/template/datepicker/popup.html\"","\"uib/template/datepicker/year.html\""],"dependencies":["dateparser","isClass","position"],"css":".uib-datepicker .uib-title {\n  width: 100%;\n}\n\n.uib-day button, .uib-month button, .uib-year button {\n  min-width: 100%;\n}\n\n.uib-datepicker-popup.dropdown-menu {\n  display: block;\n  float: none;\n  margin: 0;\n}\n\n.uib-button-bar {\n  padding: 10px 9px 2px;\n}\n\n.uib-left, .uib-right {\n  width: 100%\n}\n","cssJs":"angular.module('ui.bootstrap.datepicker').run(function() {!angular.$$csp().noInlineStyle && angular.element(document).find('head').prepend('<style type=\"text/css\">.uib-datepicker .uib-title{width:100%;}.uib-day button,.uib-month button,.uib-year button{min-width:100%;}.uib-datepicker-popup.dropdown-menu{display:block;float:none;margin:0;}.uib-button-bar{padding:10px 9px 2px;}.uib-left,.uib-right{width:100%}</style>'); });"},"debounce":{"name":"debounce","moduleName":"\"ui.bootstrap.debounce\"","displayName":"Debounce","srcFiles":["src/debounce/debounce.js"],"cssFiles":[],"tplFiles":[],"tpljsFiles":[],"tplModules":[],"dependencies":[]},"dropdown":{"name":"dropdown","moduleName":"\"ui.bootstrap.dropdown\"","displayName":"Dropdown","srcFiles":["src/dropdown/dropdown.js"],"cssFiles":[],"tplFiles":[],"tpljsFiles":[],"tplModules":[],"dependencies":["position"]},"stackedMap":{"name":"stackedMap","moduleName":"\"ui.bootstrap.stackedMap\"","displayName":"Stacked Map","srcFiles":["src/stackedMap/stackedMap.js"],"cssFiles":[],"tplFiles":[],"tpljsFiles":[],"tplModules":[],"dependencies":[]},"modal":{"name":"modal","moduleName":"\"ui.bootstrap.modal\"","displayName":"Modal","srcFiles":["src/modal/modal.js"],"cssFiles":[],"tplFiles":["template/modal/backdrop.html","template/modal/window.html"],"tpljsFiles":["template/modal/backdrop.html.js","template/modal/window.html.js"],"tplModules":["\"uib/template/modal/backdrop.html\"","\"uib/template/modal/window.html\""],"dependencies":["stackedMap"]},"paging":{"name":"paging","moduleName":"\"ui.bootstrap.paging\"","displayName":"Paging","srcFiles":["src/paging/paging.js"],"cssFiles":[],"tplFiles":[],"tpljsFiles":[],"tplModules":[],"dependencies":[]},"pager":{"name":"pager","moduleName":"\"ui.bootstrap.pager\"","displayName":"Pager","srcFiles":["src/pager/pager.js"],"cssFiles":[],"tplFiles":["template/pager/pager.html"],"tpljsFiles":["template/pager/pager.html.js"],"tplModules":["\"uib/template/pager/pager.html\""],"dependencies":["paging"]},"pagination":{"name":"pagination","moduleName":"\"ui.bootstrap.pagination\"","displayName":"Pagination","srcFiles":["src/pagination/pagination.js"],"cssFiles":[],"tplFiles":["template/pagination/pagination.html"],"tpljsFiles":["template/pagination/pagination.html.js"],"tplModules":["\"uib/template/pagination/pagination.html\""],"dependencies":["paging"]},"tooltip":{"name":"tooltip","moduleName":"\"ui.bootstrap.tooltip\"","displayName":"Tooltip","srcFiles":["src/tooltip/tooltip.js"],"cssFiles":["src/tooltip/tooltip.css"],"tplFiles":["template/tooltip/tooltip-html-popup.html","template/tooltip/tooltip-popup.html","template/tooltip/tooltip-template-popup.html"],"tpljsFiles":["template/tooltip/tooltip-html-popup.html.js","template/tooltip/tooltip-popup.html.js","template/tooltip/tooltip-template-popup.html.js"],"tplModules":["\"uib/template/tooltip/tooltip-html-popup.html\"","\"uib/template/tooltip/tooltip-popup.html\"","\"uib/template/tooltip/tooltip-template-popup.html\""],"dependencies":["position","stackedMap"],"css":"[uib-tooltip-popup].tooltip.top-left > .tooltip-arrow,\n[uib-tooltip-popup].tooltip.top-right > .tooltip-arrow,\n[uib-tooltip-popup].tooltip.bottom-left > .tooltip-arrow,\n[uib-tooltip-popup].tooltip.bottom-right > .tooltip-arrow,\n[uib-tooltip-popup].tooltip.left-top > .tooltip-arrow,\n[uib-tooltip-popup].tooltip.left-bottom > .tooltip-arrow,\n[uib-tooltip-popup].tooltip.right-top > .tooltip-arrow,\n[uib-tooltip-popup].tooltip.right-bottom > .tooltip-arrow,\n[uib-popover-popup].popover.top-left > .arrow,\n[uib-popover-popup].popover.top-right > .arrow,\n[uib-popover-popup].popover.bottom-left > .arrow,\n[uib-popover-popup].popover.bottom-right > .arrow,\n[uib-popover-popup].popover.left-top > .arrow,\n[uib-popover-popup].popover.left-bottom > .arrow,\n[uib-popover-popup].popover.right-top > .arrow,\n[uib-popover-popup].popover.right-bottom > .arrow {\n  top: auto;\n  bottom: auto;\n  left: auto;\n  right: auto;\n  margin: 0;\n}\n\n[uib-popover-popup].popover {\n  display: block !important;\n}","cssJs":"angular.module('ui.bootstrap.tooltip').run(function() {!angular.$$csp().noInlineStyle && angular.element(document).find('head').prepend('<style type=\"text/css\">[uib-tooltip-popup].tooltip.top-left > .tooltip-arrow,[uib-tooltip-popup].tooltip.top-right > .tooltip-arrow,[uib-tooltip-popup].tooltip.bottom-left > .tooltip-arrow,[uib-tooltip-popup].tooltip.bottom-right > .tooltip-arrow,[uib-tooltip-popup].tooltip.left-top > .tooltip-arrow,[uib-tooltip-popup].tooltip.left-bottom > .tooltip-arrow,[uib-tooltip-popup].tooltip.right-top > .tooltip-arrow,[uib-tooltip-popup].tooltip.right-bottom > .tooltip-arrow,[uib-popover-popup].popover.top-left > .arrow,[uib-popover-popup].popover.top-right > .arrow,[uib-popover-popup].popover.bottom-left > .arrow,[uib-popover-popup].popover.bottom-right > .arrow,[uib-popover-popup].popover.left-top > .arrow,[uib-popover-popup].popover.left-bottom > .arrow,[uib-popover-popup].popover.right-top > .arrow,[uib-popover-popup].popover.right-bottom > .arrow{top:auto;bottom:auto;left:auto;right:auto;margin:0;}[uib-popover-popup].popover{display:block !important;}</style>'); });"},"popover":{"name":"popover","moduleName":"\"ui.bootstrap.popover\"","displayName":"Popover","srcFiles":["src/popover/popover.js"],"cssFiles":[],"tplFiles":["template/popover/popover-html.html","template/popover/popover-template.html","template/popover/popover.html"],"tpljsFiles":["template/popover/popover-html.html.js","template/popover/popover-template.html.js","template/popover/popover.html.js"],"tplModules":["\"uib/template/popover/popover-html.html\"","\"uib/template/popover/popover-template.html\"","\"uib/template/popover/popover.html\""],"dependencies":["tooltip","position","stackedMap"]},"progressbar":{"name":"progressbar","moduleName":"\"ui.bootstrap.progressbar\"","displayName":"Progressbar","srcFiles":["src/progressbar/progressbar.js"],"cssFiles":[],"tplFiles":["template/progressbar/bar.html","template/progressbar/progress.html","template/progressbar/progressbar.html"],"tpljsFiles":["template/progressbar/bar.html.js","template/progressbar/progress.html.js","template/progressbar/progressbar.html.js"],"tplModules":["\"uib/template/progressbar/bar.html\"","\"uib/template/progressbar/progress.html\"","\"uib/template/progressbar/progressbar.html\""],"dependencies":[]},"rating":{"name":"rating","moduleName":"\"ui.bootstrap.rating\"","displayName":"Rating","srcFiles":["src/rating/rating.js"],"cssFiles":[],"tplFiles":["template/rating/rating.html"],"tpljsFiles":["template/rating/rating.html.js"],"tplModules":["\"uib/template/rating/rating.html\""],"dependencies":[]},"tabs":{"name":"tabs","moduleName":"\"ui.bootstrap.tabs\"","displayName":"Tabs","srcFiles":["src/tabs/tabs.js"],"cssFiles":[],"tplFiles":["template/tabs/tab.html","template/tabs/tabset.html"],"tpljsFiles":["template/tabs/tab.html.js","template/tabs/tabset.html.js"],"tplModules":["\"uib/template/tabs/tab.html\"","\"uib/template/tabs/tabset.html\""],"dependencies":[]},"timepicker":{"name":"timepicker","moduleName":"\"ui.bootstrap.timepicker\"","displayName":"Timepicker","srcFiles":["src/timepicker/timepicker.js"],"cssFiles":["src/timepicker/timepicker.css"],"tplFiles":["template/timepicker/timepicker.html"],"tpljsFiles":["template/timepicker/timepicker.html.js"],"tplModules":["\"uib/template/timepicker/timepicker.html\""],"dependencies":[],"css":".uib-time input {\n  width: 50px;\n}\n","cssJs":"angular.module('ui.bootstrap.timepicker').run(function() {!angular.$$csp().noInlineStyle && angular.element(document).find('head').prepend('<style type=\"text/css\">.uib-time input{width:50px;}</style>'); });"},"typeahead":{"name":"typeahead","moduleName":"\"ui.bootstrap.typeahead\"","displayName":"Typeahead","srcFiles":["src/typeahead/typeahead.js"],"cssFiles":["src/typeahead/typeahead.css"],"tplFiles":["template/typeahead/typeahead-match.html","template/typeahead/typeahead-popup.html"],"tpljsFiles":["template/typeahead/typeahead-match.html.js","template/typeahead/typeahead-popup.html.js"],"tplModules":["\"uib/template/typeahead/typeahead-match.html\"","\"uib/template/typeahead/typeahead-popup.html\""],"dependencies":["debounce","position"],"css":"[uib-typeahead-popup].dropdown-menu {\n  display: block;\n}\n","cssJs":"angular.module('ui.bootstrap.typeahead').run(function() {!angular.$$csp().noInlineStyle && angular.element(document).find('head').prepend('<style type=\"text/css\">[uib-typeahead-popup].dropdown-menu{display:block;}</style>'); });"}}